siteName,contactFirstName,contactLastName,licenseType,externalId,phone,contactTitle,contactEmail,contactPhone,contactPhoneExt,contactDepartment,street1,street2,city,stateProv,country,postalCode
Test Site 23,John,Doe,Professional,extId23,1234567901,Manager,john.doe@example.com,(123)456-7901,,Support,One Street,,Ottawa,Ontario,CA,A1A 1A12
Test Site 24,Jane,Smith,Professional,extId24,0987654332,Director,jane.smith@example.com,(098)765-4332,,Support,Two Street,,Toronto,Ontario,CA,B2B 2B13
Test Site 25,John,Doe,Professional,extId25,1234567902,Manager,john.doe@example.com,(123)456-7902,,Support,One Street,,Ottawa,Ontario,CA,A1A 1A13
Test Site 26,Jane,Smith,Professional,extId26,0987654333,Director,jane.smith@example.com,(098)765-4333,,Support,Two Street,,Toronto,Ontario,CA,B2B 2B14
Test Site 27,John,Doe,Professional,extId27,1234567903,Manager,john.doe@example.com,(123)456-7903,,Support,One Street,,Ottawa,Ontario,CA,A1A 1A14
Test Site 28,Jane,Smith,Professional,extId28,0987654334,Director,jane.smith@example.com,(098)765-4334,,Support,Two Street,,Toronto,Ontario,CA,B2B 2B15
Test Site 29,John,Doe,Professional,extId29,1234567902,Manager,john.doe@example.com,(123)456-7902,,Support,One Street,,Ottawa,Ontario,CA,A1A 1A13
Test Site 30,Jane,Smith,Professional,extId30,0987654333,Director,jane.smith@example.com,(098)765-4333,,Support,Two Street,,Toronto,Ontario,CA,B2B 2B14
Test Site 31,John,Doe,Professional,extId31,1234567903,Manager,john.doe@example.com,(123)456-7903,,Support,One Street,,Ottawa,Ontario,CA,A1A 1A14
Test Site 32,Jane,Smith,Professional,extId32,0987654334,Director,jane.smith@example.com,(098)765-4334,,Support,Two Street,,Toronto,Ontario,CA,B2B 2B15
Test Site 33,John,Doe,Professional,extId33,1234567904,Manager,john.doe@example.com,(123)456-7904,,Support,One Street,,Ottawa,Ontario,CA,A1A 1A15
Test Site 34,Jane,Smith,Professional,extId34,0987654335,Director,jane.smith@example.com,(098)765-4335,,Support,Two Street,,Toronto,Ontario,CA,B2B 2B16
Test Site 35,John,Doe,Professional,extId35,1234567903,Manager,john.doe@example.com,(123)456-7903,,Support,One Street,,Ottawa,Ontario,CA,A1A 1A14
Test Site 36,Jane,Smith,Professional,extId36,0987654334,Director,jane.smith@example.com,(098)765-4334,,Support,Two Street,,Toronto,Ontario,CA,B2B 2B15
Test Site 37,John,Doe,Professional,extId37,1234567904,Manager,john.doe@example.com,(123)456-7904,,Support,One Street,,Ottawa,Ontario,CA,A1A 1A15
Test Site 38,Jane,Smith,Professional,extId38,0987654335,Director,jane.smith@example.com,(098)765-4335,,Support,Two Street,,Toronto,Ontario,CA,B2B 2B16
Test Site 39,John,Doe,Professional,extId39,1234567905,Manager,john.doe@example.com,(123)456-7905,,Support,One Street,,Ottawa,Ontario,CA,A1A 1A16
Test Site 40,Jane,Smith,Professional,extId40,0987654336,Director,jane.smith@example.com,(098)765-4336,,Support,Two Street,,Toronto,Ontario,CA,B2B 2B17
Test Site 41,John,Doe,Professional,extId41,1234567904,Manager,john.doe@example.com,(123)456-7904,,Support,One Street,,Ottawa,Ontario,CA,A1A 1A15
Test Site 42,Jane,Smith,Professional,extId42,0987654335,Director,jane.smith@example.com,(098)765-4335,,Support,Two Street,,Toronto,Ontario,CA,B2B 2B16
Test Site 43,John,Doe,Professional,extId43,1234567905,Manager,john.doe@example.com,(123)456-7905,,Support,One Street,,Ottawa,Ontario,CA,A1A 1A16
Test Site 44,Jane,Smith,Professional,extId44,0987654336,Director,jane.smith@example.com,(098)765-4336,,Support,Two Street,,Toronto,Ontario,CA,B2B 2B17
Test Site 45,John,Doe,Professional,extId45,1234567906,Manager,john.doe@example.com,(123)456-7906,,Support,One Street,,Ottawa,Ontario,CA,A1A 1A17
Test Site 46,Jane,Smith,Professional,extId46,0987654337,Director,jane.smith@example.com,(098)765-4337,,Support,Two Street,,Toronto,Ontario,CA,B2B 2B18
Test Site 47,John,Doe,Professional,extId47,1234567905,Manager,john.doe@example.com,(123)456-7905,,Support,One Street,,Ottawa,Ontario,CA,A1A 1A16
Test Site 48,Jane,Smith,Professional,extId48,0987654336,Director,jane.smith@example.com,(098)765-4336,,Support,Two Street,,Toronto,Ontario,CA,B2B 2B17
Test Site 49,John,Doe,Professional,extId49,1234567906,Manager,john.doe@example.com,(123)456-7906,,Support,One Street,,Ottawa,Ontario,CA,A1A 1A17
Test Site 50,Jane,Smith,Professional,extId50,0987654337,Director,jane.smith@example.com,(098)765-4337,,Support,Two Street,,Toronto,Ontario,CA,B2B 2B18
Test Site 51,John,Doe,Professional,extId51,1234567907,Manager,john.doe@example.com,(123)456-7907,,Support,One Street,,Ottawa,Ontario,CA,A1A 1A18
Test Site 52,Jane,Smith,Professional,extId52,0987654338,Director,jane.smith@example.com,(098)765-4338,,Support,Two Street,,Toronto,Ontario,CA,B2B 2B19
Test Site 53,John,Doe,Professional,extId53,1234567906,Manager,john.doe@example.com,(123)456-7906,,Support,One Street,,Ottawa,Ontario,CA,A1A 1A17
Test Site 54,Jane,Smith,Professional,extId54,0987654337,Director,jane.smith@example.com,(098)765-4337,,Support,Two Street,,Toronto,Ontario,CA,B2B 2B18
Test Site 55,John,Doe,Professional,extId55,1234567907,Manager,john.doe@example.com,(123)456-7907,,Support,One Street,,Ottawa,Ontario,CA,A1A 1A18
Test Site 56,Jane,Smith,Professional,extId56,0987654338,Director,jane.smith@example.com,(098)765-4338,,Support,Two Street,,Toronto,Ontario,CA,B2B 2B19
Test Site 57,John,Doe,Professional,extId57,1234567908,Manager,john.doe@example.com,(123)456-7908,,Support,One Street,,Ottawa,Ontario,CA,A1A 1A19
Test Site 58,Jane,Smith,Professional,extId58,0987654339,Director,jane.smith@example.com,(098)765-4339,,Support,Two Street,,Toronto,Ontario,CA,B2B 2B20
Test Site 59,John,Doe,Professional,extId59,1234567907,Manager,john.doe@example.com,(123)456-7907,,Support,One Street,,Ottawa,Ontario,CA,A1A 1A18
Test Site 60,Jane,Smith,Professional,extId60,0987654338,Director,jane.smith@example.com,(098)765-4338,,Support,Two Street,,Toronto,Ontario,CA,B2B 2B19
Test Site 61,John,Doe,Professional,extId61,1234567908,Manager,john.doe@example.com,(123)456-7908,,Support,One Street,,Ottawa,Ontario,CA,A1A 1A19
Test Site 62,Jane,Smith,Professional,extId62,0987654339,Director,jane.smith@example.com,(098)765-4339,,Support,Two Street,,Toronto,Ontario,CA,B2B 2B20
Test Site 63,John,Doe,Professional,extId63,1234567909,Manager,john.doe@example.com,(123)456-7909,,Support,One Street,,Ottawa,Ontario,CA,A1A 1A20
Test Site 64,Jane,Smith,Professional,extId64,0987654340,Director,jane.smith@example.com,(098)765-4340,,Support,Two Street,,Toronto,Ontario,CA,B2B 2B21
Test Site 65,John,Doe,Professional,extId65,1234567908,Manager,john.doe@example.com,(123)456-7908,,Support,One Street,,Ottawa,Ontario,CA,A1A 1A19
Test Site 66,Jane,Smith,Professional,extId66,0987654339,Director,jane.smith@example.com,(098)765-4339,,Support,Two Street,,Toronto,Ontario,CA,B2B 2B20
Test Site 67,John,Doe,Professional,extId67,1234567909,Manager,john.doe@example.com,(123)456-7909,,Support,One Street,,Ottawa,Ontario,CA,A1A 1A20
Test Site 68,Jane,Smith,Professional,extId68,0987654340,Director,jane.smith@example.com,(098)765-4340,,Support,Two Street,,Toronto,Ontario,CA,B2B 2B21
Test Site 69,John,Doe,Professional,extId69,1234567910,Manager,john.doe@example.com,(123)456-7910,,Support,One Street,,Ottawa,Ontario,CA,A1A 1A21
Test Site 70,Jane,Smith,Professional,extId70,0987654341,Director,jane.smith@example.com,(098)765-4341,,Support,Two Street,,Toronto,Ontario,CA,B2B 2B22
Test Site 71,John,Doe,Professional,extId71,1234567909,Manager,john.doe@example.com,(123)456-7909,,Support,One Street,,Ottawa,Ontario,CA,A1A 1A20
Test Site 72,Jane,Smith,Professional,extId72,0987654340,Director,jane.smith@example.com,(098)765-4340,,Support,Two Street,,Toronto,Ontario,CA,B2B 2B21
Test Site 73,John,Doe,Professional,extId73,1234567910,Manager,john.doe@example.com,(123)456-7910,,Support,One Street,,Ottawa,Ontario,CA,A1A 1A21
